"Data Source","World Development Indicators",

"Last Updated Date","2017-09-18",

"Country Name","Country Code","Indicator Name","Indicator Code","1960","1961","1962","1963","1964","1965","1966","1967","1968","1969","1970","1971","1972","1973","1974","1975","1976","1977","1978","1979","1980","1981","1982","1983","1984","1985","1986","1987","1988","1989","1990","1991","1992","1993","1994","1995","1996","1997","1998","1999","2000","2001","2002","2003","2004","2005","2006","2007","2008","2009","2010","2011","2012","2013","2014","2015","2016",
"Aruba","ABW","Government expenditure per student, secondary (% of GDP per capita)","SE.XPD.SECO.PC.ZS","","","","","","","","","","","","","","","","","","","","","","","","","","","","","","","","","","","","","","","","18.561939239502","19.205249786377","20.2401103973389","19.3923301696777","","17.7436904907227","17.6131591796875","","","","","","","25.0524101257324","","","","",
"Afghanistan","AFG","Government expenditure per student, secondary (% of GDP per capita)","SE.XPD.SECO.PC.ZS","","","","","","","","","","","","","","","","","","","","","","","","","","","","","","","","","","","","","","","","","","","","","","","","","","","10.4797401428223","10.0676803588867","7.07115983963013","9.11532974243164","9.78221035003662","8.21735954284668","",
"Angola","AGO","Government expenditure per student, secondary (% of GDP per capita)","SE.XPD.SECO.PC.ZS","","","","","","","","","","","","","","","","","","","","","","","","","","","","","","","","","","","","","","","","","","","","","","","","","","","","","","","","","",
"Albania","ALB","Government expenditure per student, secondary (% of GDP per capita)","SE.XPD.SECO.PC.ZS","","","","","","","","","","","","","","","","","","","","","","","","","","","","","","","","","","","","","","","","","","","","","","","","","","","","","","5.86780023574829","","","",
"Andorra","AND","Government expenditure per student, secondary (% of GDP per capita)","SE.XPD.SECO.PC.ZS","","","","","","","","","","","","","","","","","","","","","","","","","","","","","","","","","","","","","","","","","","","6.21960020065308","","6.93064022064209","7.17138004302979","10.230299949646","11.3612098693848","","18.0524291992188","13.3484401702881","13.3561201095581","","15.5419998168945","11.4085102081299","14.930230140686","",
"Arab World","ARB","Government expenditure per student, secondary (% of GDP per capita)","SE.XPD.SECO.PC.ZS","","","","","","","","","","","","","","","","","","","","","","","","","","","","","","","","","","","","","","","","","","","","","","","","","","","","","","","","","",
"United Arab Emirates","ARE","Government expenditure per student, secondary (% of GDP per capita)","SE.XPD.SECO.PC.ZS","","","","","","","","","","","","","","","","","","","","","","","","","","","","","","","","","","","","","","7.19730997085571","7.91847991943359","","","","","","","","","","","","","","","","","","",
"Argentina","ARG","Government expenditure per student, secondary (% of GDP per capita)","SE.XPD.SECO.PC.ZS","","","","","","","","","","","","","","","","","","","","","","","","","","","","","","","","","","","","","","","15.1888704299927","16.6832408905029","15.8250598907471","16.7992401123047","15.2469797134399","12.5936298370361","12.876259803772","16.0276699066162","16.4341793060303","17.5862293243408","18.9273891448975","21.8662300109863","19.1570491790771","20.5627403259277","20.7472400665283","21.6755104064941","21.3070507049561","","",
"Armenia","ARM","Government expenditure per student, secondary (% of GDP per capita)","SE.XPD.SECO.PC.ZS","","","","","","","","","","","","","","","","","","","","","","","","","","","","","","","","","","","","","","","","","","","","","","","","","","","","","","15.3556203842163","15.0452404022217","","",
"American Samoa","ASM","Government expenditure per student, secondary (% of GDP per capita)","SE.XPD.SECO.PC.ZS","","","","","","","","","","","","","","","","","","","","","","","","","","","","","","","","","","","","","","","","","","","","","","","","","","","","","","","","","",
"Antigua and Barbuda","ATG","Government expenditure per student, secondary (% of GDP per capita)","SE.XPD.SECO.PC.ZS","","","","","","","","","","","","","","","","","","","","","","","","","","","","","","","","","","","","","","","","","","","","","","","","","","12.4671697616577","","9.7920503616333","","","","","",
"Australia","AUS","Government expenditure per student, secondary (% of GDP per capita)","SE.XPD.SECO.PC.ZS","","","","","","","","","","","","","","","","","","","","","","","","","","","","","","","","","","","","15.9997901916504","","","","","13.9707803726196","","","","","15.9350996017456","17.7890796661377","17.265380859375","17.1165199279785","18.5046997070313","19.7762203216553","17.9021492004395","16.5067405700684","16.8989105224609","16.6844997406006","","",
"Austria","AUT","Government expenditure per student, secondary (% of GDP per capita)","SE.XPD.SECO.PC.ZS","","","","","","","","","","","","","","","","","","","","","","","","","","","","","","","","","","","","","","","29.0053005218506","29.354959487915","27.212739944458","27.1112995147705","27.0547504425049","27.9824600219727","26.6856307983398","25.50172996521","25.8391208648682","25.5541000366211","26.4644298553467","29.4737892150879","28.5593490600586","29.5650196075439","26.9531898498535","27.5498790740967","27.1539707183838","","",
"Azerbaijan","AZE","Government expenditure per student, secondary (% of GDP per capita)","SE.XPD.SECO.PC.ZS","","","","","","","","","","","","","","","","","","","","","","","","","","","","","","","","","","","","","","","","","","","","","","","","","","","","","","","","","",
"Burundi","BDI","Government expenditure per student, secondary (% of GDP per capita)","SE.XPD.SECO.PC.ZS","","","","","","","","","","","","","","","","","","","","","","","","","","","","","","","","","","","","","","","","","","56.7474899291992","56.1811904907227","","55.5055084228516","55.7560882568359","","","","49.7490501403809","","40.285400390625","33.9702415466309","30.5622806549072","","","",
"Belgium","BEL","Government expenditure per student, secondary (% of GDP per capita)","SE.XPD.SECO.PC.ZS","","","","","","","","","","","","","","","","","","","","","","","","","","","","","","","","","","","","","","","","","","23.1537303924561","23.7705593109131","22.0232791900635","32.3059616088867","31.9850292205811","31.8761291503906","32.3000793457031","35.6369018554688","36.9785690307617","36.723258972168","37.5224189758301","","25.9216995239258","25.6757698059082","","",
"Benin","BEN","Government expenditure per student, secondary (% of GDP per capita)","SE.XPD.SECO.PC.ZS","","","","","","","","","","","","","","","","","","","","","","","","","","","","","","","","","","","","","","","","","22.5002899169922","22.6758098602295","18.5342903137207","20.5254993438721","23.1210193634033","","","","","","","","","14.2412900924683","12.6682300567627","11.1492395401001","",
"Burkina Faso","BFA","Government expenditure per student, secondary (% of GDP per capita)","SE.XPD.SECO.PC.ZS","","","","","","","","","","","","","","","","","","","","","","","","","","","","","","","","","","","","","0","","","","","","","","","20.7933197021484","22.1898002624512","29.2645492553711","","","20.6036605834961","16.8179492950439","15.7694902420044","14.4019603729248","16.2582206726074","16.8261795043945","",
"Bangladesh","BGD","Government expenditure per student, secondary (% of GDP per capita)","SE.XPD.SECO.PC.ZS","","","","","","","","","","","","","","","","","","","","","","","","","","","","","","","","","","","","","","","","10.2760000228882","9.56367015838623","","10.7102699279785","11.5970401763916","12.5874004364014","","12.9038896560669","12.4148597717285","11.8508796691895","10.577540397644","12.8824501037598","11.5259304046631","10.7069396972656","","","","7.5634298324585",
"Bulgaria","BGR","Government expenditure per student, secondary (% of GDP per capita)","SE.XPD.SECO.PC.ZS","","","","","","","","","","","","","","","","","","","","","","","","","","","","","","","","","","","","","","","14.3334102630615","","","18.3044490814209","18.0476398468018","19.6457996368408","10.2326803207397","21.3392295837402","20.2970504760742","19.3046207427979","22.3857402801514","23.2083396911621","22.5514297485352","20.1175403594971","19.4553203582764","21.736349105835","","","",
"Bahrain","BHR","Government expenditure per student, secondary (% of GDP per capita)","SE.XPD.SECO.PC.ZS","","","","","","","","","","","","","","","","","","","","","","","","","","","","","","","","","","","","","","","","","","","","","","","","","","","","","","16.324520111084","16.0642395019531","17.5770606994629","",
"Bahamas, The","BHS","Government expenditure per student, secondary (% of GDP per capita)","SE.XPD.SECO.PC.ZS","","","","","","","","","","","","","","","","","","","","","","","","","","","","","","","","","","","","","","","","","","","","","","","","","","","","","","","","","",
"Bosnia and Herzegovina","BIH","Government expenditure per student, secondary (% of GDP per capita)","SE.XPD.SECO.PC.ZS","","","","","","","","","","","","","","","","","","","","","","","","","","","","","","","","","","","","","","","","","","","","","","","","","","","","","","","","","",
"Belarus","BLR","Government expenditure per student, secondary (% of GDP per capita)","SE.XPD.SECO.PC.ZS","","","","","","","","","","","","","","","","","","","","","","","","","","","","","","","","","","","","","","","","","","","","","","","","","","","","","","","","","",
"Belize","BLZ","Government expenditure per student, secondary (% of GDP per capita)","SE.XPD.SECO.PC.ZS","","","","","","","","","","","","","","","","","","","","","","","","","","","","","","","","","","","","","","","","17.980899810791","15.7873001098633","","","","19.2033596038818","20.4757804870605","20.6453094482422","","22.0025806427002","23.4791393280029","26.0485591888428","","23.0131893157959","21.7085304260254","23.4453506469727","","",
"Bermuda","BMU","Government expenditure per student, secondary (% of GDP per capita)","SE.XPD.SECO.PC.ZS","","","","","","","","","","","","","","","","","","","","","","","","","","","","","","","","","","","","","","","","","","","","","12.3419303894043","14.0263204574585","","","","","17.8416004180908","","","","12.5521802902222","12.2362699508667","",
"Bolivia","BOL","Government expenditure per student, secondary (% of GDP per capita)","SE.XPD.SECO.PC.ZS","","","","","","","","","","","","","","","","","","","","","","","","","","","","","","","","","","","","","","","12.0376996994019","11.77649974823","10.5359001159668","","13.7986001968384","14.2099504470825","","","14.3763704299927","","16.6221408843994","19.4348697662354","18.7262992858887","17.8761901855469","12.9512901306152","18.9441204071045","18.1006908416748","","",
"Brazil","BRA","Government expenditure per student, secondary (% of GDP per capita)","SE.XPD.SECO.PC.ZS","","","","","","","","","","","","","","","","","","","","","","","","","","","","","","","","","","","","","","","","","","","10.2303304672241","","11.5753202438354","13.1704301834106","","17.8723297119141","19.3405895233154","20.2990398406982","21.2887592315674","22.1964302062988","22.6418590545654","21.6304702758789","","","",
"Barbados","BRB","Government expenditure per student, secondary (% of GDP per capita)","SE.XPD.SECO.PC.ZS","","","","","","","","","","","","","","","","","","","","","","","","","","","","","","","","","","","","","","","","17.3396091461182","21.0203495025635","25.1838798522949","25.3130207061768","27.7728099822998","24.5111198425293","22.4577293395996","","22.1343898773193","20.1838092803955","21.4550094604492","24.8722190856934","","","","20.2580699920654","","",
"Brunei Darussalam","BRN","Government expenditure per student, secondary (% of GDP per capita)","SE.XPD.SECO.PC.ZS","","","","","","","","","","","","","","","","","","","","","","","","","","","","","","","","","","","","","","","","","","","","","","","","","","","7.70185995101929","","","","10.31725025177","","24.1164894104004",
"Bhutan","BTN","Government expenditure per student, secondary (% of GDP per capita)","SE.XPD.SECO.PC.ZS","","","","","","","","","","","","","","","","","","","","","","","","","","","","","","","","","","","","","","","","","","","","","","","","","37.178539276123","34.5758399963379","27.143009185791","31.6698207855225","","34.3267784118652","36.0649108886719","31.5997505187988","",
"Botswana","BWA","Government expenditure per student, secondary (% of GDP per capita)","SE.XPD.SECO.PC.ZS","","","","","","","","","","","","","","","","","","","","","","","","","","","","","","","","","","","","","","","","","","","","","","45.2859115600586","","41.9506683349609","","36.8437004089355","","","","","","","",
"Central African Republic","CAF","Government expenditure per student, secondary (% of GDP per capita)","SE.XPD.SECO.PC.ZS","","","","","","","","","","","","","","","","","","","","","","","","","","","","","","","","","","","","","","","","","","","","","","","","","","16.1122207641602","","","","","","","",
"Canada","CAN","Government expenditure per student, secondary (% of GDP per capita)","SE.XPD.SECO.PC.ZS","","","","","","","","","","","","","","","","","","","","","","","","","","","","","","","","","","","","","","","","","","","","","","","","","","","","18.3290405273438","","","","","",
"Central Europe and the Baltics","CEB","Government expenditure per student, secondary (% of GDP per capita)","SE.XPD.SECO.PC.ZS","","","","","","","","","","","","","","","","","","","","","","","","","","","","","","","","","","","","","","","18.4520998001098","","","19.3923206329346","20.5754995346069","19.6868896484375","21.162239074707","21.1422348022461","20.2970504760742","20.2406406402588","22.4482297897339","23.3227195739746","22.9345302581788","21.9340505599976","19.6489391326904","21.1063899993896","20.8392601013184","","",
"Switzerland","CHE","Government expenditure per student, secondary (% of GDP per capita)","SE.XPD.SECO.PC.ZS","","","","","","","","","","","","","","","","","","","","","","","","","","","","","","","","","","","","","","","26.0466499328613","25.2957096099854","24.6971893310547","25.2914390563965","26.9123306274414","26.6769599914551","25.5043106079102","25.4338302612305","23.9391098022461","22.9266204833984","28.3457508087158","27.0235195159912","26.4021396636963","26.0142097473145","","","","","",
"Channel Islands","CHI","Government expenditure per student, secondary (% of GDP per capita)","SE.XPD.SECO.PC.ZS","","","","","","","","","","","","","","","","","","","","","","","","","","","","","","","","","","","","","","","","","","","","","","","","","","","","","","","","","",
"Chile","CHL","Government expenditure per student, secondary (% of GDP per capita)","SE.XPD.SECO.PC.ZS","","","","","","","","","","","","","","","","","","","","","","","","","","","","","","","","","","","","","","","13.5666303634644","","13.8482904434204","","14.6980495452881","14.9337797164917","13.228759765625","12.4189596176147","11.6309995651245","12.6319303512573","15.0472202301025","16.4567108154297","15.2446203231812","15.217960357666","18.0655708312988","15.0928401947021","15.2105302810669","16.8326892852783","",
"China","CHN","Government expenditure per student, secondary (% of GDP per capita)","SE.XPD.SECO.PC.ZS","","","","","","","","","","","","","","","","","","","","","","","","","","","","","","","","","","","","","","","","11.4272499084473","","","","","","","","","","","","","","","","","",
"Cote d'Ivoire","CIV","Government expenditure per student, secondary (% of GDP per capita)","SE.XPD.SECO.PC.ZS","","","","","","","","","","","","","","","","","","","","","","","","","","","","","","","","","","","","","","","","41.622730255127","","","","","","","","","","","","","","","27.1856899261475","24.0902500152588","",
"Cameroon","CMR","Government expenditure per student, secondary (% of GDP per capita)","SE.XPD.SECO.PC.ZS","","","","","","","","","","","","","","","","","","","","","","","","","","","","","","","","","","","","","","","","","","","","","","37.5352096557617","40.0232810974121","34.4446716308594","27.7542896270752","29.5062694549561","","20.0124492645264","19.6995792388916","","","","",
"Congo, Dem. Rep.","COD","Government expenditure per student, secondary (% of GDP per capita)","SE.XPD.SECO.PC.ZS","","","","","","","","","","","","","","","","","","","","","","","","","","","","","","","","","","","","","","","","","","","","","","","","","","","10.2296199798584","","","5.85318994522095","","","",
"Congo, Rep.","COG","Government expenditure per student, secondary (% of GDP per capita)","SE.XPD.SECO.PC.ZS","","","","","","","","","","","","","","","","","","","","","","","","","","","","","","","","","","","","","","","","","","","16.2408599853516","","","","","","","","","","","","","","",
"Colombia","COL","Government expenditure per student, secondary (% of GDP per capita)","SE.XPD.SECO.PC.ZS","","","","","","","","","","","","","","","","","","","","","","","","","","","","","","","","","","","","","","","14.3180904388428","16.3853092193604","13.1458902359009","","","","15.3597202301025","14.5382795333862","","9.97885036468506","14.7980298995972","15.1229200363159","15.1906299591064","14.6258001327515","14.9689502716064","16.6012191772461","17.3055095672607","15.9997396469116","",
"Comoros","COM","Government expenditure per student, secondary (% of GDP per capita)","SE.XPD.SECO.PC.ZS","","","","","","","","","","","","","","","","","","","","","","","","","","","","","","","","","","","","","","","","","","","26.447660446167","","","","","","","","","","","13.3286104202271","15.2432403564453","","",
"Cabo Verde","CPV","Government expenditure per student, secondary (% of GDP per capita)","SE.XPD.SECO.PC.ZS","","","","","","","","","","","","","","","","","","","","","","","","","","","","","","","","","","","","","","","","","","","22.277759552002","","","","19.6251792907715","16.6958904266357","13.7356004714966","14.0127296447754","","14.920729637146","","16.4041404724121","","","",
"Costa Rica","CRI","Government expenditure per student, secondary (% of GDP per capita)","SE.XPD.SECO.PC.ZS","","","","","","","","","","","","","","","","","","","","","","","","","","","","","","","","","","","","","","","","23.8923492431641","20.1553192138672","21.2253608703613","23.1971607208252","","16.8450908660889","","16.0627593994141","16.9033508300781","17.7247009277344","20.9338207244873","22.9699192047119","23.0565299987793","24.1093807220459","24.3397903442383","23.943639755249","25.2069206237793","",
"Caribbean small states","CSS","Government expenditure per student, secondary (% of GDP per capita)","SE.XPD.SECO.PC.ZS","","","","","","","","","","","","","","","","","","","","","","","","","","","","","","","","","","","","","","","","","","","","19.8455009460449","17.3302898406982","18.7452507019043","","19.6317195892334","26.4645309448242","22.8355007171631","23.9903793334961","25.7716293334961","","29.0963497161865","22.6825695037842","26.9419002532959","",
"Cuba","CUB","Government expenditure per student, secondary (% of GDP per capita)","SE.XPD.SECO.PC.ZS","","","","","","","","","","","","","","","","","","","","","","","","","","","","","","","","","","","","","","","","37.1181182861328","41.1631813049316","40.5394096374512","44.0060386657715","","44.1974792480469","47.7703399658203","42.7575416564941","53.6665992736816","53.8823394775391","51.0568618774414","52.236759185791","","","","","","",
"Curacao","CUW","Government expenditure per student, secondary (% of GDP per capita)","SE.XPD.SECO.PC.ZS","","","","","","","","","","","","","","","","","","","","","","","","","","","","","","","","","","","","","","","","","","","","","","","","","","","","","","23.010440826416","","","",
"Cayman Islands","CYM","Government expenditure per student, secondary (% of GDP per capita)","SE.XPD.SECO.PC.ZS","","","","","","","","","","","","","","","","","","","","","","","","","","","","","","","","","","","","","","","","","","","","","","","","","","","","","","","","","",
"Cyprus","CYP","Government expenditure per student, secondary (% of GDP per capita)","SE.XPD.SECO.PC.ZS","","","","","","","","","","","","","","","","","","","","","","","","","","","","","","","","","","","","","","","","25.9847793579102","26.8186302185059","27.7000503540039","30.4786396026611","33.8903694152832","31.2165107727051","31.9466304779053","31.6821308135986","32.3863983154297","34.5850296020508","37.3322601318359","36.8753204345703","37.8227386474609","","37.9227905273438","39.1193008422852","","",
"Czech Republic","CZE","Government expenditure per student, secondary (% of GDP per capita)","SE.XPD.SECO.PC.ZS","","","","","","","","","","","","","","","","","","","","","","","","","","","","","","","","","","","","","","","18.900369644165","20.1458301544189","19.5028400421143","19.2079601287842","20.6510696411133","21.3722496032715","21.162239074707","20.945240020752","21.1295700073242","20.2406406402588","20.840539932251","23.3227195739746","23.3176307678223","23.8408203125","25.2784194946289","23.5477199554443","","","",
"Germany","DEU","Government expenditure per student, secondary (% of GDP per capita)","SE.XPD.SECO.PC.ZS","","","","","","","","","","","","","","","","","","","","","","","","","","","","","","","","","","","","","0","","20.1030406951904","","","","","","","","20.208869934082","21.0913200378418","21.0779094696045","23.8578701019287","23.8814601898193","23.2744407653809","23.1624507904053","23.6477699279785","23.3397903442383","","",
"Djibouti","DJI","Government expenditure per student, secondary (% of GDP per capita)","SE.XPD.SECO.PC.ZS","","","","","","","","","","","","","","","","","","","","","","","","","","","","","","","","","","","","","","","","","","","","","","","","","30.8100605010986","","","","","","","0.954659998416901","",
"Dominica","DMA","Government expenditure per student, secondary (% of GDP per capita)","SE.XPD.SECO.PC.ZS","","","","","","","","","","","","","","","","","","","","","","","","","","","","","","","","","","","","","","","","","","","","","","","","12.4988803863525","14.9257802963257","13.8326101303101","15.2464399337769","","","","","","",
"Denmark","DNK","Government expenditure per student, secondary (% of GDP per capita)","SE.XPD.SECO.PC.ZS","","","","","","","","","","","","","","","","","","","","","","","","","","","","","","","","","","","","","","","37.1664886474609","37.2645606994629","37.2164497375488","33.883960723877","34.8469314575195","33.9077682495117","34.4609909057617","34.2439804077148","33.5209007263184","31.3379096984863","30.5128707885742","32.0268402099609","32.7316398620605","29.4435997009277","29.3036804199219","28.2275791168213","","","",
"Dominican Republic","DOM","Government expenditure per student, secondary (% of GDP per capita)","SE.XPD.SECO.PC.ZS","","","","","","","","","","","","","","","","","","","","","","","","","","","","","","","","","","","","","","","","","","","","","3.27083992958069","4.96038007736206","","3.79426002502441","5.99420976638794","6.90381002426147","6.44740009307861","6.66919994354248","8.12030029296875","12.9863700866699","13.1720199584961","13.5254697799683","",
"Algeria","DZA","Government expenditure per student, secondary (% of GDP per capita)","SE.XPD.SECO.PC.ZS","","","","","","","","","","","","","","","","","","","","","","","","","","","","","","","","","","","","","","","","21.1606407165527","17.4438209533691","","17.9020004272461","17.9278793334961","","","","","","","","","","","","","",
"East Asia & Pacific (excluding high income)","EAP","Government expenditure per student, secondary (% of GDP per capita)","SE.XPD.SECO.PC.ZS","","","","","","","","","","","","","","","","","","","","","","","","","","","","","","","","","","","","","","","","","","","","","","","","","","","","","","","","","",
"Early-demographic dividend","EAR","Government expenditure per student, secondary (% of GDP per capita)","SE.XPD.SECO.PC.ZS","","","","","","","","","","","","","","","","","","","","","","","","","","","","","","","","","","","","","","","","","","","","","","","","","","","","","","","","","",
"East Asia & Pacific","EAS","Government expenditure per student, secondary (% of GDP per capita)","SE.XPD.SECO.PC.ZS","","","","","","","","","","","","","","","","","","","","","","","","","","","","","","","","","","","","","","","","","","","","","","","","","14.507140159607","","16.8985300064087","","17.6769151687623","18.9208755493164","","","",
"Europe & Central Asia (excluding high income)","ECA","Government expenditure per student, secondary (% of GDP per capita)","SE.XPD.SECO.PC.ZS","","","","","","","","","","","","","","","","","","","","","","","","","","","","","","","","","","","","","","","","","","","","","","","","","","","","","","","","","",
"Europe & Central Asia","ECS","Government expenditure per student, secondary (% of GDP per capita)","SE.XPD.SECO.PC.ZS","","","","","","","","","","","","","","","","","","","","","","","","","","","","","","","","","","","","","","","","","","","24.0520496368408","23.7773246765137","23.9782295227051","23.5703058242798","23.9391098022461","22.9771194458008","25.3782291412354","28.3221397399902","26.3616094589234","26.0142097473145","","23.316370010376","","","",
"Ecuador","ECU","Government expenditure per student, secondary (% of GDP per capita)","SE.XPD.SECO.PC.ZS","","","","","","","","","","","","","","","","","","","","","","","","","","","","","","","","","","","","","","","","8.29117012023926","5.36366987228394","","","","","","","","","4.35921001434326","4.4716100692749","4.82710981369019","4.62848997116089","5.23579978942871","5.0560998916626","4.98783016204834","",
"Egypt, Arab Rep.","EGY","Government expenditure per student, secondary (% of GDP per capita)","SE.XPD.SECO.PC.ZS","","","","","","","","","","","","","","","","","","","","","","","","","","","","","","","","","","","","","","","","","","","","","","","","","","","","","","","","","",
"Euro area","EMU","Government expenditure per student, secondary (% of GDP per capita)","SE.XPD.SECO.PC.ZS","","","","","","","","","","","","","","","","","","","","","","","","","","","","","","","","","","","","","","","22.2754707336426","24.3595600128174","22.8629894256592","23.7458801269531","24.3368501663208","23.0592851638794","24.8915500640869","24.4685201644898","24.6533002853393","23.7002201080322","26.4644298553467","28.7378807067871","26.9311847686768","26.9011259078979","24.1223602294922","24.9344291687012","23.6015148162842","","",
"Eritrea","ERI","Government expenditure per student, secondary (% of GDP per capita)","SE.XPD.SECO.PC.ZS","","","","","","","","","","","","","","","","","","","","","","","","","","","","","","","","","","","","","","","","","","32.7565689086914","30.9558601379395","","13.9094104766846","","","","","","","","","","","","",
"Spain","ESP","Government expenditure per student, secondary (% of GDP per capita)","SE.XPD.SECO.PC.ZS","","","","","","","","","","","","","","","","","","","","","","","","","","","","","","","","","","","","","","","23.5792503356934","23.7831497192383","22.6615390777588","22.0566291809082","22.8303699493408","23.1828594207764","23.2129993438721","22.8859901428223","23.4674797058105","23.7002201080322","25.3782291412354","27.6128005981445","26.0553798675537","25.8923797607422","","22.4696807861328","","","",
"Estonia","EST","Government expenditure per student, secondary (% of GDP per capita)","SE.XPD.SECO.PC.ZS","","","","","","","","","","","","","","","","","","","","","","","","","","","","","","","","","","","","","","","22.2754707336426","27.1609802246094","","25.1552906036377","25.0549201965332","26.1662998199463","24.8915500640869","22.1661605834961","","21.9921894073486","28.2246894836426","29.0147094726563","26.2349891662598","26.741870880127","24.1223602294922","20.5054092407227","19.8796405792236","","",
"Ethiopia","ETH","Government expenditure per student, secondary (% of GDP per capita)","SE.XPD.SECO.PC.ZS","","","","","","","","","","","","","","","","","","","","","","","","","","","","","","","","","","","","","","","","","","","","","","","","","","22.3365802764893","21.9086799621582","25.2574195861816","18.0555591583252","","","","",
"European Union","EUU","Government expenditure per student, secondary (% of GDP per capita)","SE.XPD.SECO.PC.ZS","","","","","","","","","","","","","","","","","","","","","","","","","","","","","","","","","","","","","","","21.2437658309937","23.7831497192383","22.762264251709","23.1684598922729","23.8246402740479","23.0592851638794","23.3867206573486","23.2048854827881","23.4674797058105","22.9771194458008","25.5956544876099","28.5882892608643","26.2780342102051","26.3171253204346","24.029860496521","23.5977449417114","23.074390411377","","",
"Fragile and conflict affected situations","FCS","Government expenditure per student, secondary (% of GDP per capita)","SE.XPD.SECO.PC.ZS","","","","","","","","","","","","","","","","","","","","","","","","","","","","","","","","","","","","","","","","","","","","","","","","","","","","","","","","","",
"Finland","FIN","Government expenditure per student, secondary (% of GDP per capita)","SE.XPD.SECO.PC.ZS","","","","","","","","","","","","","","","","","","","","","","","","","","","","","","","","","","","","","","","","24.9359703063965","23.2270393371582","24.3085708618164","25.3281593322754","25.9988803863525","31.0666599273682","30.8382701873779","30.5034103393555","29.591480255127","30.8306198120117","34.3690795898438","34.8964996337891","34.7022285461426","","","","","",
"Fiji","FJI","Government expenditure per student, secondary (% of GDP per capita)","SE.XPD.SECO.PC.ZS","","","","","","","","","","","","","","","","","","","","","","","","","","","","","","","","","","","","","","","","","","","","","16.1201992034912","","","","","","","5.71885013580322","","","","","",
"France","FRA","Government expenditure per student, secondary (% of GDP per capita)","SE.XPD.SECO.PC.ZS","","","","","","","","","","","","","","","","","","","","","","","","","","","","","","","","","","","","","","","","28.6825199127197","28.2809295654297","28.1917400360107","28.3938407897949","29.7470092773438","29.1708106994629","27.1162109375","27.1121406555176","26.5565605163574","26.9261302947998","28.5882892608643","28.2392196655273","27.0690593719482","26.8881607055664","26.8059406280518","","","",
"Faroe Islands","FRO","Government expenditure per student, secondary (% of GDP per capita)","SE.XPD.SECO.PC.ZS","","","","","","","","","","","","","","","","","","","","","","","","","","","","","","","","","","","","","","","","","","","","","","","","","","","","","","","","","",
"Micronesia, Fed. Sts.","FSM","Government expenditure per student, secondary (% of GDP per capita)","SE.XPD.SECO.PC.ZS","","","","","","","","","","","","","","","","","","","","","","","","","","","","","","","","","","","","","","","","","","","","","","","","","","","","","","","","","",
"Gabon","GAB","Government expenditure per student, secondary (% of GDP per capita)","SE.XPD.SECO.PC.ZS","","","","","","","","","","","","","","","","","","","","","","","","","","","","","","","","","","","","","","","","","","","","","","","","","","","","","","","","","",
"United Kingdom","GBR","Government expenditure per student, secondary (% of GDP per capita)","SE.XPD.SECO.PC.ZS","","","","","","","","","","","","","","","","","","","","","","","","","","","","","","","","","","","","","","","22.9026699066162","21.332239151001","22.088249206543","22.1152801513672","23.8246402740479","25.2311897277832","23.9782295227051","23.6168308258057","24.6403102874756","25.7396793365479","24.7819499969482","28.7175006866455","31.5570793151855","29.7354793548584","","22.2464904785156","23.074390411377","","",
"Georgia","GEO","Government expenditure per student, secondary (% of GDP per capita)","SE.XPD.SECO.PC.ZS","","","","","","","","","","","","","","","","","","","","","","","","","","","","","","","","","","","","","","","","","","","","","","","","","14.243390083313","","","","","","","","",
"Ghana","GHA","Government expenditure per student, secondary (% of GDP per capita)","SE.XPD.SECO.PC.ZS","","","","","","","","","","","","","","","","","","","","","","","","","","","","","","","","","","","","","","","","","","39.6395606994629","","","37.9006881713867","34.7070808410645","25.8896007537842","22.781120300293","23.0496406555176","24.281099319458","","24.8971996307373","37.3355598449707","24.0941600799561","25.9950408935547","","",
"Gibraltar","GIB","Government expenditure per student, secondary (% of GDP per capita)","SE.XPD.SECO.PC.ZS","","","","","","","","","","","","","","","","","","","","","","","","","","","","","","","","","","","","","","","","","","","","","","","","","","","","","","","","","",
"Guinea","GIN","Government expenditure per student, secondary (% of GDP per capita)","SE.XPD.SECO.PC.ZS","","","","","","","","","","","","","","","","","","","","","","","","","","","","","","","","","","","","","","","","","","","","","","","","","6.23308992385864","","","11.6519804000854","10.0452003479004","","12.0340995788574","","",
"Gambia, The","GMB","Government expenditure per student, secondary (% of GDP per capita)","SE.XPD.SECO.PC.ZS","","","","","","","","","","","","","","","","","","","","","","","","","","","","","","","","","","","","","","","","","","","","","","","","","13.8969297409058","12.3018198013306","13.2277097702026","","","","","","",
"Guinea-Bissau","GNB","Government expenditure per student, secondary (% of GDP per capita)","SE.XPD.SECO.PC.ZS","","","","","","","","","","","","","","","","","","","","","","","","","","","","","","","","","","","","","","","","","","","","","","","","","","","","","","","","","",
"Equatorial Guinea","GNQ","Government expenditure per student, secondary (% of GDP per capita)","SE.XPD.SECO.PC.ZS","","","","","","","","","","","","","","","","","","","","","","","","","","","","","","","","","","","","","","","","","","","","","","","","","","","","","","","","","",
"Greece","GRC","Government expenditure per student, secondary (% of GDP per capita)","SE.XPD.SECO.PC.ZS","","","","","","","","","","","","","","","","","","","","","","","","","","","","","","","","","","","","","","","12.9535799026489","14.439640045166","19.2161998748779","16.7302398681641","16.8390598297119","19.1373901367188","19.4241790771484","19.6507396697998","","","","","","","","","","","",
"Grenada","GRD","Government expenditure per student, secondary (% of GDP per capita)","SE.XPD.SECO.PC.ZS","","","","","","","","","","","","","","","","","","","","","","","","","","","","","","","","","","","","","","","","","","","","9.65223026275635","","","","","","","","","","","","","",
"Greenland","GRL","Government expenditure per student, secondary (% of GDP per capita)","SE.XPD.SECO.PC.ZS","","","","","","","","","","","","","","","","","","","","","","","","","","","","","","","","","","","","","","","","","","","","","","","","","","","","","","","","","",
"Guatemala","GTM","Government expenditure per student, secondary (% of GDP per capita)","SE.XPD.SECO.PC.ZS","","","","","","","","","","","","","","","","","","","","","","","","","","","","","","","","","","","","","","","","","4.44754981994629","5.45808982849121","4.15311002731323","","4.41505002975464","4.5014500617981","5.02729988098145","6.1155800819397","6.3787899017334","","5.25859022140503","4.59681987762451","4.88259983062744","5.50198984146118","5.58971977233887","5.09604978561401","",
"Guam","GUM","Government expenditure per student, secondary (% of GDP per capita)","SE.XPD.SECO.PC.ZS","","","","","","","","","","","","","","","","","","","","","","","","","","","","","","","","","","","","","","","","","","","","","","","","","","","","","","","","","",
"Guyana","GUY","Government expenditure per student, secondary (% of GDP per capita)","SE.XPD.SECO.PC.ZS","","","","","","","","","","","","","","","","","","","","","","","","","","","","","","","","","","","","","","","","","","","","","","","","10.2873401641846","","9.85128021240234","11.4316301345825","10.4695997238159","9.37302017211914","","","","",
"High income","HIC","Government expenditure per student, secondary (% of GDP per capita)","SE.XPD.SECO.PC.ZS","","","","","","","","","","","","","","","","","","","","","","","","","","","","","","","","","","","","","","","21.3677501678467","22.2123355865479","21.9057645797729","22.6296291351319","22.8303699493408","22.4662208557129","23.1759796142578","22.0079002380371","22.8639755249024","22.585410118103","23.9414806365967","25.2567596435547","25.628005027771","24.2149305343628","23.6394605636597","22.664249420166","22.6959896087646","","",
"Hong Kong SAR, China","HKG","Government expenditure per student, secondary (% of GDP per capita)","SE.XPD.SECO.PC.ZS","","","","","","","","","","","","","","","","","","","","","","","","","","","","","","","","","","","","","","","","","","","17.5767097473145","19.069709777832","20.2328300476074","19.0314292907715","17.3330993652344","15.792670249939","14.9475603103638","16.0472507476807","17.1123790740967","17.3341007232666","17.1145401000977","18.6804103851318","19.3323402404785","20.3519802093506","",
"Honduras","HND","Government expenditure per student, secondary (% of GDP per capita)","SE.XPD.SECO.PC.ZS","","","","","","","","","","","","","","","","","","","","","","","","","","","","","","","","","","","","","","","","","","","","","","","","","","","","","","18.1467609405518","","","",
"Heavily indebted poor countries (HIPC)","HPC","Government expenditure per student, secondary (% of GDP per capita)","SE.XPD.SECO.PC.ZS","","","","","","","","","","","","","","","","","","","","","","","","","","","","","","","","","","","","","","","","","","","","","","","","","","","","20.6347742080688","","","","","",
"Croatia","HRV","Government expenditure per student, secondary (% of GDP per capita)","SE.XPD.SECO.PC.ZS","","","","","","","","","","","","","","","","","","","","","","","","","","","","","","","","","","","","","","","","","","","","","","","","","","","","","","","","","",
"Haiti","HTI","Government expenditure per student, secondary (% of GDP per capita)","SE.XPD.SECO.PC.ZS","","","","","","","","","","","","","","","","","","","","","","","","","","","","","","","","","","","","","","","","","","","","","","","","","","","","","","","","","",
"Hungary","HUN","Government expenditure per student, secondary (% of GDP per capita)","SE.XPD.SECO.PC.ZS","","","","","","","","","","","","","","","","","","","","","","","","","","","","","","","","","","","","","","","18.0038299560547","18.6544494628906","20.0873794555664","19.3923206329346","20.4999294281006","26.1671295166016","23.1389598846436","22.6952095031738","22.8484001159668","22.9771194458008","22.5107192993164","22.2451705932617","21.3488597869873","20.5535907745361","19.6489391326904","16.1739501953125","22.9198303222656","","",
"IBRD only","IBD","Government expenditure per student, secondary (% of GDP per capita)","SE.XPD.SECO.PC.ZS","","","","","","","","","","","","","","","","","","","","","","","","","","","","","","","","","","","","","","","","","","","","","","","","","","","","","","","","","",
"IDA & IBRD total","IBT","Government expenditure per student, secondary (% of GDP per capita)","SE.XPD.SECO.PC.ZS","","","","","","","","","","","","","","","","","","","","","","","","","","","","","","","","","","","","","","","","","","","","","","","","","","","","","","","","","",
"IDA total","IDA","Government expenditure per student, secondary (% of GDP per capita)","SE.XPD.SECO.PC.ZS","","","","","","","","","","","","","","","","","","","","","","","","","","","","","","","","","","","","","","","","","","","","","","","","","","","","","","","","","",
"IDA blend","IDB","Government expenditure per student, secondary (% of GDP per capita)","SE.XPD.SECO.PC.ZS","","","","","","","","","","","","","","","","","","","","","","","","","","","","","","","","","","","","","","","","","","","","","","","","","","","","","","","","","",
"Indonesia","IDN","Government expenditure per student, secondary (% of GDP per capita)","SE.XPD.SECO.PC.ZS","","","","","","","","","","","","","","","","","","","","","","","","","","","","","","0","","","","","","","","","","","","","","","","","","9.48604965209961","9.41971015930176","10.9794502258301","8.27264976501465","","10.2615404129028","9.84405040740967","9.93045997619629","10.4756498336792","",
"IDA only","IDX","Government expenditure per student, secondary (% of GDP per capita)","SE.XPD.SECO.PC.ZS","","","","","","","","","","","","","","","","","","","","","","","","","","","","","","","","","","","","","","","","","","","","","","","","","","","","","","","","","",
"Isle of Man","IMN","Government expenditure per student, secondary (% of GDP per capita)","SE.XPD.SECO.PC.ZS","","","","","","","","","","","","","","","","","","","","","","","","","","","","","","","","","","","","","","","","","","","","","","","","","","","","","","","","","",
"India","IND","Government expenditure per student, secondary (% of GDP per capita)","SE.XPD.SECO.PC.ZS","","","","","","","","","","","","","","","","","","","","","","","","","","","","","","","","","","","","","","","","24.8510704040527","24.8281002044678","23.4671802520752","","19.9019908905029","17.9718704223633","16.9228191375732","16.4225406646729","","","13.6892995834351","14.2767896652222","15.3624696731567","15.6839303970337","16.8129997253418","","","",
"Not classified","INX","Government expenditure per student, secondary (% of GDP per capita)","SE.XPD.SECO.PC.ZS","","","","","","","","","","","","","","","","","","","","","","","","","","","","","","","","","","","","","","","","","","","","","","","","","","","","","","","","","",
"Ireland","IRL","Government expenditure per student, secondary (% of GDP per capita)","SE.XPD.SECO.PC.ZS","","","","","","","","","","","","","","","","","","","","","","","","","","","","","","","","","","","","","","","16.8919105529785","16.3916397094727","15.880669593811","16.5789108276367","16.9854507446289","18.4583702087402","19.6568603515625","20.0130500793457","21.1022396087646","22.4823799133301","26.6429500579834","28.7378807067871","27.5412902832031","27.0603809356689","25.8343505859375","","","","",
"Iran, Islamic Rep.","IRN","Government expenditure per student, secondary (% of GDP per capita)","SE.XPD.SECO.PC.ZS","","","","","","","","","","","","","","","","","","","","","","","","","","","","","","","","","","","","","","","","","","9.3986701965332","10.9777698516846","10.9596796035767","11.1897602081299","11.1100997924805","16.4867496490479","19.4228706359863","17.3771190643311","18.1460990905762","19.0131797790527","14.7447299957275","14.1097898483276","18.5224609375","15.6009101867676","15.1243000030518","",
"Iraq","IRQ","Government expenditure per student, secondary (% of GDP per capita)","SE.XPD.SECO.PC.ZS","","","","","","","","","","","","","","","","","","","","","","","","","","","","","","","","","","","","","","","","","","","","","","","","","","","","","","","","","",
"Iceland","ISL","Government expenditure per student, secondary (% of GDP per capita)","SE.XPD.SECO.PC.ZS","","","","","","","","","","","","","","","","","","","","","","","","","","","","","","","","","","","","","","","","18.7152500152588","18.4797592163086","20.9230804443359","21.8087902069092","21.1969203948975","22.3149299621582","22.1249198913574","22.2131805419922","20.8134098052979","20.957389831543","21.3545093536377","20.0629196166992","20.2679996490479","","18.3452606201172","","","",
"Israel","ISR","Government expenditure per student, secondary (% of GDP per capita)","SE.XPD.SECO.PC.ZS","","","","","","","","","","","","","","","","","","","","","","","","","","","","","","","","","","","","","","","","18.7127704620361","17.7819995880127","18.5625495910645","18.8303604125977","18.3325500488281","17.8380603790283","17.087329864502","17.1936702728271","15.8727502822876","17.0100002288818","15.8619298934937","15.2940998077393","15.2874603271484","16.1176605224609","16.0811500549316","17.8505802154541","","",
"Italy","ITA","Government expenditure per student, secondary (% of GDP per capita)","SE.XPD.SECO.PC.ZS","","","","","","","","","","","","","","","","","","","","","","","","","","","","","","","","","","","","","","","26.4597301483154","26.6656799316406","25.6166896820068","28.9648704528809","25.899040222168","27.1247806549072","25.9022598266602","25.4132595062256","26.919620513916","23.8264694213867","25.2448902130127","25.2567596435547","23.9434604644775","22.5704803466797","22.8510398864746","23.316370010376","22.876070022583","","",
"Jamaica","JAM","Government expenditure per student, secondary (% of GDP per capita)","SE.XPD.SECO.PC.ZS","","","","","","","","","","","","","","","","","","","","","","","","","","","","","","","","","","","","","","","","","","","","19.8455009460449","17.3302898406982","18.7452507019043","","19.6317195892334","26.4645309448242","22.8355007171631","23.9903793334961","25.7716293334961","","29.0963497161865","22.6825695037842","26.9419002532959","",
"Jordan","JOR","Government expenditure per student, secondary (% of GDP per capita)","SE.XPD.SECO.PC.ZS","","","","","","","","","","","","","","","","","","","","","","","","","","","","","","","","","","","","","","","","15.8524799346924","","","15.959210395813","18.3140106201172","17.1960105895996","18.7787094116211","16.2606201171875","16.4238700866699","15.3620100021362","","","16.4743404388428","","","","","",
"Japan","JPN","Government expenditure per student, secondary (% of GDP per capita)","SE.XPD.SECO.PC.ZS","","","","","","","","","","","","","","","","","","","","","","","","","","","","","","","","","","","","","","","19.4345092773438","19.970609664917","20.259220123291","20.2715797424316","20.9022598266602","21.5125694274902","21.5606594085693","21.4185009002686","21.4167709350586","21.5714797973633","21.6404800415039","","23.4979095458984","24.4901008605957","24.700309753418","24.6390705108643","23.9158592224121","","",
"Kazakhstan","KAZ","Government expenditure per student, secondary (% of GDP per capita)","SE.XPD.SECO.PC.ZS","","","","","","","","","","","","","","","","","","","","","","","","","","","","","","","","","","","","","","0","","","","","","","","","","","","","","","","18.6620998382568","19.5440502166748","19.158260345459","",
"Kenya","KEN","Government expenditure per student, secondary (% of GDP per capita)","SE.XPD.SECO.PC.ZS","","","","","","","","","","","","","","","","","","","","","","","","","","","","","","","","","","","","","","","","","14.2957601547241","15.6943702697754","","20.1463508605957","22.0375308990479","","20.9083805084229","","","","","","","","","","",
"Kyrgyz Republic","KGZ","Government expenditure per student, secondary (% of GDP per capita)","SE.XPD.SECO.PC.ZS","","","","","","","","","","","","","","","","","","","","","","","","","","","","","","","","","","","","","","","","","","","","","","","","","","","","","","","","","",
"Cambodia","KHM","Government expenditure per student, secondary (% of GDP per capita)","SE.XPD.SECO.PC.ZS","","","","","","","","","","","","","","","","","","","","","","","","","","","","","","","","","","","","","","","10.8730201721191","","","6.0798602104187","","","","","","","","","","","","","","","",
"Kiribati","KIR","Government expenditure per student, secondary (% of GDP per capita)","SE.XPD.SECO.PC.ZS","","","","","","","","","","","","","","","","","","","","","","","","","","","","","","","","","","","","","","","","","","","","","","","","","","","","","","","","","",
"St. Kitts and Nevis","KNA","Government expenditure per student, secondary (% of GDP per capita)","SE.XPD.SECO.PC.ZS","","","","","","","","","","","","","","","","","","","","","","","","","","","","","","","","","","","","","","","","","","","","","","","","","","","","","","","","14.4198198318481","",
"Korea, Rep.","KOR","Government expenditure per student, secondary (% of GDP per capita)","SE.XPD.SECO.PC.ZS","","","","","","","","","","","","","","","","","","","","","","","","","","","","","","","","","","","","","","","13.7144899368286","14.3413095474243","","19.192720413208","21.4092502593994","22.4662208557129","22.1535701751709","20.5365600585938","20.8794708251953","20.7124099731445","21.7299308776855","21.9741592407227","","","22.4552593231201","23.3037605285645","23.3424606323242","28.083309173584","",
"Kuwait","KWT","Government expenditure per student, secondary (% of GDP per capita)","SE.XPD.SECO.PC.ZS","","","","","","","","","","","","","","","","","","","","","","","","","","","","","","","","","","","","","","0","","","","","","18.1683101654053","15.564920425415","15.2139902114868","13.0367403030396","","14.1629400253296","","","22.2483406066895","","","17.6244602203369","","",
"Latin America & Caribbean (excluding high income)","LAC","Government expenditure per student, secondary (% of GDP per capita)","SE.XPD.SECO.PC.ZS","","","","","","","","","","","","","","","","","","","","","","","","","","","","","","","","","","","","","","","","","13.1458902359009","","13.7986001968384","","12.4007997512817","13.1704301834106","12.3448553085328","13.6076097488404","15.7100853919983","16.5919990539551","15.1906299591064","15.9755401611328","13.9601202011108","16.6012191772461","16.4112091064453","","",
"Lao PDR","LAO","Government expenditure per student, secondary (% of GDP per capita)","SE.XPD.SECO.PC.ZS","","","","","","","","","","","","","","","","","","","","","","","","","","","","","","","","","","","","","","18.287389755249","","","","","9.22049045562744","","","","","","","7.568039894104","7.36088991165161","8.47959041595459","8.52511978149414","15.5821199417114","14.2709398269653","","",
"Lebanon","LBN","Government expenditure per student, secondary (% of GDP per capita)","SE.XPD.SECO.PC.ZS","","","","","","","","","","","","","","","","","","","","","","","","","","","","","","","","","","","","0","0","","","","","","","","","","","","","","","","4.12604999542236","6.04071998596191","","","",
"Liberia","LBR","Government expenditure per student, secondary (% of GDP per capita)","SE.XPD.SECO.PC.ZS","","","","","","","","","","","","","","","","","","","","","","","","","","","","","","","","","","","","","","","","","","","","","","","","","","","","","","","","","",
"Libya","LBY","Government expenditure per student, secondary (% of GDP per capita)","SE.XPD.SECO.PC.ZS","","","","","","","","","","","","","","","","","","","","","","","","","","","","","","","","","","","","","","","","","","","","","","","","","","","","","","","","","",
"St. Lucia","LCA","Government expenditure per student, secondary (% of GDP per capita)","SE.XPD.SECO.PC.ZS","","","","","","","","","","","","","","","","","","","","","","","","","","","","","","","","","","","","","","","","24.7167301177979","","","","","17.4454402923584","","","","","17.430700302124","20.6093406677246","22.0078506469727","22.4383792877197","22.8635292053223","26.5722904205322","25.4609909057617","",
"Latin America & Caribbean","LCN","Government expenditure per student, secondary (% of GDP per capita)","SE.XPD.SECO.PC.ZS","","","","","","","","","","","","","","","","","","","","","","","","","","","","","","","","","","","","","","","","","13.1458902359009","","13.7986001968384","","12.4007997512817","12.4189596176147","10.9977149963379","13.3359298706055","15.0472202301025","16.5243549346924","15.2176251411438","15.5967502593994","14.9689502716064","16.6012191772461","15.8108696937561","","",
"Least developed countries: UN classification","LDC","Government expenditure per student, secondary (% of GDP per capita)","SE.XPD.SECO.PC.ZS","","","","","","","","","","","","","","","","","","","","","","","","","","","","","","","","","","","","","","","","","","","","","","","","","","","","15.6442403793335","","","","","",
"Low income","LIC","Government expenditure per student, secondary (% of GDP per capita)","SE.XPD.SECO.PC.ZS","","","","","","","","","","","","","","","","","","","","","","","","","","","","","","","","","","","","","","","","","","","","","","","","","","","","19.0375242233276","","","","","",
"Liechtenstein","LIE","Government expenditure per student, secondary (% of GDP per capita)","SE.XPD.SECO.PC.ZS","","","","","","","","","","","","","","","","","","","","","","","","","","","","","","","","","","","","","","","","","","","","11.035400390625","10.9365997314453","","10.6920499801636","10.1489295959473","11.9299297332764","","12.4981002807617","13.4303703308105","","","","","",
"Sri Lanka","LKA","Government expenditure per student, secondary (% of GDP per capita)","SE.XPD.SECO.PC.ZS","","","","","","","","","","","","","","","","","","","","","","","","","","","","","","","","","","","","","","","","","","","","","","","","","","","7.2852897644043","6.81428003311157","5.79789018630981","6.28456020355225","","","",
"Lower middle income","LMC","Government expenditure per student, secondary (% of GDP per capita)","SE.XPD.SECO.PC.ZS","","","","","","","","","","","","","","","","","","","","","","","","","","","","","","","","","","","","","","","","","","","","","","","","","","","","","","","","","",
"Low & middle income","LMY","Government expenditure per student, secondary (% of GDP per capita)","SE.XPD.SECO.PC.ZS","","","","","","","","","","","","","","","","","","","","","","","","","","","","","","","","","","","","","","","","","","","","","","","","","","","","","","","","","",
"Lesotho","LSO","Government expenditure per student, secondary (% of GDP per capita)","SE.XPD.SECO.PC.ZS","","","","","","","","","","","","","","","","","","","","","","","","","","","","","","","","","","","","","","115.00798034668","","68.0617065429688","69.7854080200195","55.6546783447266","","","","46.9626197814941","41.0185012817383","","44.8135299682617","","","","","","","","",
"Late-demographic dividend","LTE","Government expenditure per student, secondary (% of GDP per capita)","SE.XPD.SECO.PC.ZS","","","","","","","","","","","","","","","","","","","","","","","","","","","","","","","","","","","","","","","","","","","","","17.0876903533935","","","","18.5326452255249","20.6164302825928","19.8485050201416","22.1964302062988","","19.1930294036865","","","",
"Lithuania","LTU","Government expenditure per student, secondary (% of GDP per capita)","SE.XPD.SECO.PC.ZS","","","","","","","","","","","","","","","","","","","","","","","","","","","","","","","","","","","","","","","","","","","","19.6269397735596","20.6595897674561","19.0631198883057","19.1476593017578","18.2353897094727","20.3793601989746","25.675630569458","20.9687900543213","18.4932098388672","17.2132606506348","16.4083805084229","","","",
"Luxembourg","LUX","Government expenditure per student, secondary (% of GDP per capita)","SE.XPD.SECO.PC.ZS","","","","","","","","","","","","","","","","","","","","","","","","","","","","","","","","","","","","","","","","","","","","23.6873092651367","22.6106700897217","22.8298606872559","20.4626998901367","18.7142696380615","22.543830871582","","20.2225399017334","18.1004905700684","21.9337596893311","19.3960494995117","20.4474105834961","","",
"Latvia","LVA","Government expenditure per student, secondary (% of GDP per capita)","SE.XPD.SECO.PC.ZS","","","","","","","","","","","","","","","","","","","","","","","","","","","","","","","","","","","","","","0","23.0383396148682","22.9759902954102","22.8629894256592","23.1831893920898","24.6216506958008","22.9357109069824","22.5048007965088","","17.3994998931885","21.7299709320068","25.8130798339844","29.997989654541","26.3210792541504","24.5429401397705","34.905101776123","35.166919708252","24.1737308502197","","",
"Macao SAR, China","MAC","Government expenditure per student, secondary (% of GDP per capita)","SE.XPD.SECO.PC.ZS","","","","","","","","","","","","","","","","","","","","","","","","","","","","","","","","","","","","","","","","","11.2215595245361","","","","","","","","","","","","16.6039390563965","18.9028797149658","","","",
"St. Martin (French part)","MAF","Government expenditure per student, secondary (% of GDP per capita)","SE.XPD.SECO.PC.ZS","","","","","","","","","","","","","","","","","","","","","","","","","","","","","","","","","","","","","","","","","","","","","","","","","","","","","","","","","",
"Morocco","MAR","Government expenditure per student, secondary (% of GDP per capita)","SE.XPD.SECO.PC.ZS","","","","","","","","","","","","","","","","","","","","","","","","","","","","","","","","","","","","","","","43.7346611022949","43.7183990478516","","41.4998092651367","42.7533187866211","40.7271385192871","38.1246299743652","55.0934791564941","34.1520805358887","37.2016181945801","32.6773986816406","30.4853000640869","34.0462989807129","33.6110305786133","36.1269798278809","","","","",
"Monaco","MCO","Government expenditure per student, secondary (% of GDP per capita)","SE.XPD.SECO.PC.ZS","","","","","","","","","","","","","","","","","","","","","","","","","","","","","","","","","","","","","","7.13134002685547","6.98137998580933","6.91769981384277","6.69368982315063","","","","6.17468023300171","","","","","6.24284982681274","6.12244987487793","9.9489803314209","","","","","",
"Moldova","MDA","Government expenditure per student, secondary (% of GDP per capita)","SE.XPD.SECO.PC.ZS","","","","","","","","","","","","","","","","","","","","","","","","","","","","","","","","","","","","","","","","","","","","","","","","38.3519287109375","31.6128101348877","39.3707885742188","39.3536605834961","38.0288009643555","37.3796081542969","","38.5831489562988","39.2037696838379","",
"Madagascar","MDG","Government expenditure per student, secondary (% of GDP per capita)","SE.XPD.SECO.PC.ZS","","","","","","","","","","","","","","","","","","","","","","","","","","","","","","","","","","","","","","","","","","","","","","21.4417095184326","15.3592300415039","12.4777002334595","13.5466003417969","11.5933799743652","","10.239330291748","8.38611030578613","","","","",
"Maldives","MDV","Government expenditure per student, secondary (% of GDP per capita)","SE.XPD.SECO.PC.ZS","","","","","","","","","","","","","","","","","","","","","","","","","","","","","","","","","","","","","","","","","","","","","","","","","","","","","","","","","",
"Middle East & North Africa","MEA","Government expenditure per student, secondary (% of GDP per capita)","SE.XPD.SECO.PC.ZS","","","","","","","","","","","","","","","","","","","","","","","","","","","","","","","","","","","","","","","","","","","","","","","","","","","","","","","","","",
"Mexico","MEX","Government expenditure per student, secondary (% of GDP per capita)","SE.XPD.SECO.PC.ZS","","","","","","","","","","","","","","","","","","","","","","","","","","","","","","","","","","","","","","","15.3817195892334","12.3779802322388","","16.9481792449951","14.4763402938843","15.8662395477295","14.7563695907593","15.3615703582764","14.3252801895142","13.8792896270752","13.8746299743652","15.949990272522","15.9490995407104","15.9755401611328","16.208869934082","16.4105491638184","16.4112091064453","","",
"Marshall Islands","MHL","Government expenditure per student, secondary (% of GDP per capita)","SE.XPD.SECO.PC.ZS","","","","","","","","","","","","","","","","","","","","","","","","","","","","","","","","","","","","","","","","","","","27.6919002532959","","","","","","","","","","","","","","",
"Middle income","MIC","Government expenditure per student, secondary (% of GDP per capita)","SE.XPD.SECO.PC.ZS","","","","","","","","","","","","","","","","","","","","","","","","","","","","","","","","","","","","","","","","","","","","","","","","","","","","","","","","","",
"Macedonia, FYR","MKD","Government expenditure per student, secondary (% of GDP per capita)","SE.XPD.SECO.PC.ZS","","","","","","","","","","","","","","","","","","","","","","","","","","","","","","","","","","","","","","","","","","","","","","","","","","","","","","","","","",
"Mali","MLI","Government expenditure per student, secondary (% of GDP per capita)","SE.XPD.SECO.PC.ZS","","","","","","","","","","","","","","","","","","","","","","","","","","","","","","","","","","","","","","","58.4043083190918","43.6967506408691","","","","","","","","","34.5893707275391","32.5526504516602","35.7985687255859","26.3998794555664","","25.6458301544189","22.6697998046875","","",
"Malta","MLT","Government expenditure per student, secondary (% of GDP per capita)","SE.XPD.SECO.PC.ZS","","","","","","","","","","","","","","","","","","","","","","","","","","","","","","","","","","","","","","","19.3909606933594","","","","20.2496604919434","","17.2477397918701","","","27.825590133667","31.5115509033203","","32.9100112915039","64.6652374267578","39.8565711975098","38.4386291503906","","","",
"Myanmar","MMR","Government expenditure per student, secondary (% of GDP per capita)","SE.XPD.SECO.PC.ZS","","","","","","","","","","","","","","","","","","","","","","","","","","","","","","","","","","","","","","","","","","","","","","","","","","","","","","","","","",
"Middle East & North Africa (excluding high income)","MNA","Government expenditure per student, secondary (% of GDP per capita)","SE.XPD.SECO.PC.ZS","","","","","","","","","","","","","","","","","","","","","","","","","","","","","","","","","","","","","","","","","","","19.6567401885987","","","","","","","","","","","","","","",
"Montenegro","MNE","Government expenditure per student, secondary (% of GDP per capita)","SE.XPD.SECO.PC.ZS","","","","","","","","","","","","","","","","","","","","","","","","","","","","","","","","","","","","","","","","","","","","","","","","","","","","","","","","","",
"Mongolia","MNG","Government expenditure per student, secondary (% of GDP per capita)","SE.XPD.SECO.PC.ZS","","","","","","","","","","","","","","","","","","","","","","","","","","","","","","","","","","","","","","0","","","","","","","10.6396999359131","","","","","","15.3683500289917","","","","","","",
"Northern Mariana Islands","MNP","Government expenditure per student, secondary (% of GDP per capita)","SE.XPD.SECO.PC.ZS","","","","","","","","","","","","","","","","","","","","","","","","","","","","","","","","","","","","","","","","","","","","","","","","","","","","","","","","","",
"Mozambique","MOZ","Government expenditure per student, secondary (% of GDP per capita)","SE.XPD.SECO.PC.ZS","","","","","","","","","","","","","","","","","","","","","","","","","","","","","","","","","","","","","","","","","","","","","","","73.9096832275391","","","","","","53.8173599243164","44.0241088867188","","","",
"Mauritania","MRT","Government expenditure per student, secondary (% of GDP per capita)","SE.XPD.SECO.PC.ZS","","","","","","","","","","","","","","","","","","","","","","","","","","","","","","","","","","","","","","39.953670501709","","32.6007881164551","","","","","","21.9050693511963","","","31.9306793212891","","27.2544898986816","19.0720996856689","19.8224697113037","15.4994497299194","","","",
"Mauritius","MUS","Government expenditure per student, secondary (% of GDP per capita)","SE.XPD.SECO.PC.ZS","","","","","","","","","","","","","","","","","","","","","","","","","","","","","","","","","","","","","","","","","","14.1899700164795","12.7619495391846","18.180269241333","17.8133201599121","17.5106391906738","16.7646007537842","","14.2888202667236","14.1215200424194","18.4082508087158","16.0249691009521","18.1523494720459","19.1930294036865","28.7275905609131","30.7034206390381","",
"Malawi","MWI","Government expenditure per student, secondary (% of GDP per capita)","SE.XPD.SECO.PC.ZS","","","","","","","","","","","","","","","","","","","","","","","","","","","","","","","","","","","","","","","","9.56472015380859","25.1549205780029","21.9070301055908","","","","","","","","","14.6267700195313","21.4452209472656","","24.3535099029541","21.0023803710938","25.0832595825195","",
"Malaysia","MYS","Government expenditure per student, secondary (% of GDP per capita)","SE.XPD.SECO.PC.ZS","","","","","","","","","","","","","","","","","","","","","","","","","","","","","","","","","","","","","","16.7845897674561","","","21.8831100463867","26.6190395355225","27.2250900268555","25.2789897918701","20.380989074707","","13.8408899307251","13.7790603637695","11.980640411377","21.2922592163086","18.0014896392822","19.1468391418457","20.8150691986084","20.0844402313232","18.9149799346924","18.3829193115234","",
"North America","NAC","Government expenditure per student, secondary (% of GDP per capita)","SE.XPD.SECO.PC.ZS","","","","","","","","","","","","","","","","","","","","","","","","","","","","","","","","","","","","","","","21.5342407226563","21.4486808776855","21.8568000793457","22.9887790679932","23.4285106658936","24.5067806243896","23.3480396270752","21.9128494262695","23.2238292694092","23.2816905975342","23.9414806365967","24.4705390930176","24.3405609130859","21.1344003677369","22.8141593933105","22.664249420166","22.5159091949463","","",
"Namibia","NAM","Government expenditure per student, secondary (% of GDP per capita)","SE.XPD.SECO.PC.ZS","","","","","","","","","","","","","","","","","","","","","","","","","","","","","","","","","","","","","","","","32.4081611633301","30.4411697387695","28.7602005004883","23.5783100128174","22.3732795715332","","","18.9484996795654","","15.9517698287964","","","","","","","","",
"New Caledonia","NCL","Government expenditure per student, secondary (% of GDP per capita)","SE.XPD.SECO.PC.ZS","","","","","","","","","","","","","","","","","","","","","","","","","","","","","","","","","","","","","","","","","","","","","","","","","","","","","","","","","",
"Niger","NER","Government expenditure per student, secondary (% of GDP per capita)","SE.XPD.SECO.PC.ZS","","","","","","","","","","","","","","","","","","","","","","","","","","","","","","","","","","","","","","","","","","","","","","","46.3466796875","52.2356910705566","50.1647796630859","57.8575286865234","42.2055892944336","50.5542411804199","46.7578086853027","50.1538581848145","72.1911926269531","","",
"Nigeria","NGA","Government expenditure per student, secondary (% of GDP per capita)","SE.XPD.SECO.PC.ZS","","","","","","","","","","","","","","","","","","","","","","","","","","","","","","","","","","","","","","","","","","","","","","","","","","","","","","","","","",
"Nicaragua","NIC","Government expenditure per student, secondary (% of GDP per capita)","SE.XPD.SECO.PC.ZS","","","","","","","","","","","","","","","","","","","","","","","","","","","","","","","","","","","","","","","","","","","","","","2.94325995445251","3.46240997314453","","","","7.33336019515991","","","","","","",
"Netherlands","NLD","Government expenditure per student, secondary (% of GDP per capita)","SE.XPD.SECO.PC.ZS","","","","","","","","","","","","","","","","","","","","","","","","","","","","","","","","","","","","","","","20.2120609283447","20.7141704559326","21.2511405944824","21.6123294830322","22.0982799530029","22.4508590698242","23.3867206573486","23.5237808227539","23.2335300445557","22.688440322876","23.2225399017334","25.2401695251465","25.2006301879883","23.7494297027588","23.9373607635498","24.3267192840576","23.8632392883301","","",
"Norway","NOR","Government expenditure per student, secondary (% of GDP per capita)","SE.XPD.SECO.PC.ZS","","","","","","","","","","","","","","","","","","","","","","","","","","","","","","","","","","","","","","18.1337509155273","29.7533397674561","","","","29.990779876709","31.7120494842529","29.4080295562744","28.1048202514648","25.3686103820801","25.6448993682861","24.6459197998047","28.3221397399902","26.7993907928467","25.7855491638184","","","","","",
"Nepal","NPL","Government expenditure per student, secondary (% of GDP per capita)","SE.XPD.SECO.PC.ZS","","","","","","","","","","","","","","","","","","","","","","","","","","","","","","","","","","","","","","","","12.882960319519","11.2972202301025","13.3839197158813","10.3918199539185","9.24722957611084","","","","","10.395899772644","12.1212301254272","10.9342603683472","11.5243902206421","10.8324298858643","9.86623954772949","11.6111402511597","10.945779800415","",
"Nauru","NRU","Government expenditure per student, secondary (% of GDP per capita)","SE.XPD.SECO.PC.ZS","","","","","","","","","","","","","","","","","","","","","","","","","","","","","","","","","","","","","","","","","","","","","","","","","","","","","","","","","",
"New Zealand","NZL","Government expenditure per student, secondary (% of GDP per capita)","SE.XPD.SECO.PC.ZS","","","","","","","","","","","","","","","","","","","","","","","","","","","","","","","","","","","","","","21.577299118042","","23.3107395172119","21.9547290802002","22.2704792022705","20.1035308837891","20.455659866333","21.7396697998047","20.7824096679688","19.8804702758789","18.88623046875","17.4874591827393","18.2809505462646","22.7459106445313","22.6352996826172","24.3621597290039","22.6571006774902","21.9749908447266","21.7695007324219","",
"OECD members","OED","Government expenditure per student, secondary (% of GDP per capita)","SE.XPD.SECO.PC.ZS","","","","","","","","","","","","","","","","","","","","","","","","","","","","","","","","","","","","","","","20.8731508255005","22.2123355865479","21.9547290802002","22.6296291351319","23.4285106658936","23.0592851638794","23.2805194854736","22.430685043335","23.0516901016235","22.688440322876","24.6459197998047","26.1401395797729","26.0553798675537","24.5165205001831","23.6394605636597","23.3037605285645","22.876070022583","","",
"Oman","OMN","Government expenditure per student, secondary (% of GDP per capita)","SE.XPD.SECO.PC.ZS","","","","","","","","","","","","","","","","","","","","","","","","","","","","","","","","","","","","","","18.721170425415","21.3677501678467","","","","16.26416015625","","","12.2292699813843","","","","14.4421300888062","","17.3691501617432","","21.2723808288574","","","",
"Other small states","OSS","Government expenditure per student, secondary (% of GDP per capita)","SE.XPD.SECO.PC.ZS","","","","","","","","","","","","","","","","","","","","","","","","","","","","","","","","","","","","","","","","","","28.7602005004883","","","","34.3369646072388","","","28.2246894836426","","","","","","","","",
"Pakistan","PAK","Government expenditure per student, secondary (% of GDP per capita)","SE.XPD.SECO.PC.ZS","","","","","","","","","","","","","","","","","","","","","","","","","","","","","","","","","","","","","","","","","","","","","","","","","","","","","","10.2989501953125","13.213529586792","15.1805601119995","",
"Panama","PAN","Government expenditure per student, secondary (% of GDP per capita)","SE.XPD.SECO.PC.ZS","","","","","","","","","","","","","","","","","","","","","","","","","","","","","","","","","","","","","","","","18.5032405853271","20.8671798706055","13.7054500579834","15.3326902389526","","11.9253396987915","","","14.6572399139404","","","","9.20891952514648","","","","","",
"Peru","PER","Government expenditure per student, secondary (% of GDP per capita)","SE.XPD.SECO.PC.ZS","","","","","","","","","","","","","","","","","","","","","","","","","","","","","","","","","","","","","","","11.0467100143433","10.2767095565796","9.9993896484375","9.49800968170166","9.00866031646729","10.2196397781372","10.4737701416016","9.96199989318848","10.3644304275513","10.2030897140503","10.4838895797729","11.4613199234009","10.774450302124","9.31898975372314","10.7578496932983","10.5071601867676","13.1490802764893","14.3404998779297","",
"Philippines","PHL","Government expenditure per student, secondary (% of GDP per capita)","SE.XPD.SECO.PC.ZS","","","","","","","","","","","","","","","","","","","","","","","","","","","","","","","","","","","","","","10.6715698242188","","","10.3091697692871","8.98960018157959","8.8091402053833","9.73015022277832","8.69902038574219","8.88603973388672","","8.63799953460693","9.03124046325684","","","","","","","","",
"Palau","PLW","Government expenditure per student, secondary (% of GDP per capita)","SE.XPD.SECO.PC.ZS","","","","","","","","","","","","","","","","","","","","","","","","","","","","","","","","","","","","","","","","","","","","","","","","","","","","","","","","","",
"Papua New Guinea","PNG","Government expenditure per student, secondary (% of GDP per capita)","SE.XPD.SECO.PC.ZS","","","","","","","","","","","","","","","","","","","","","","","","","","","","","","","","","","","","","","","","","","","","","","","","","","","","","","","","","",
"Poland","POL","Government expenditure per student, secondary (% of GDP per capita)","SE.XPD.SECO.PC.ZS","","","","","","","","","","","","","","","","","","","","","","","","","","","","","","","","","","","","","","","10.8147001266479","","","","19.8182792663574","19.6868896484375","21.3720607757568","22.0079002380371","22.8795509338379","21.778169631958","22.7004909515381","23.7423896789551","24.0902099609375","23.314510345459","23.3415603637695","21.7073707580566","21.7988796234131","","",
"Pre-demographic dividend","PRE","Government expenditure per student, secondary (% of GDP per capita)","SE.XPD.SECO.PC.ZS","","","","","","","","","","","","","","","","","","","","","","","","","","","","","","","","","","","","","","","","","","","","","","","","","","","","","","","","","",
"Puerto Rico","PRI","Government expenditure per student, secondary (% of GDP per capita)","SE.XPD.SECO.PC.ZS","","","","","","","","","","","","0","0","0","0","0","0","0","0","","","","","","","","","","","","","","","","","","","","","","","","","","","","","","","","","","","20.0623607635498","","","",
"Korea, Dem. People’s Rep.","PRK","Government expenditure per student, secondary (% of GDP per capita)","SE.XPD.SECO.PC.ZS","","","","","","","","","","","","","","","","","","","","","","","","","","","","","","","","","","","","","","","","","","","","","","","","","","","","","","","","","",
"Portugal","PRT","Government expenditure per student, secondary (% of GDP per capita)","SE.XPD.SECO.PC.ZS","","","","","","","","","","","","","","","","","","","","","","","","","","","","","","","","","","","","","","","","26.3985404968262","27.453929901123","28.8602600097656","28.9692897796631","29.5210990905762","32.709831237793","32.4188385009766","31.5399894714355","30.1491298675537","30.2115097045898","37.179500579834","34.8871994018555","32.5622100830078","31.6351299285889","30.3382091522217","0","","",
"Paraguay","PRY","Government expenditure per student, secondary (% of GDP per capita)","SE.XPD.SECO.PC.ZS","","","","","","","","","","","","","","","","","","","","","","","","","","","","","","","","","","","","","","","","","15.7851400375366","13.3207902908325","11.4768495559692","12.0911703109741","10.7925300598145","","","13.3359298706055","","","14.8350601196289","16.5683994293213","16.3561592102051","","","","",
"West Bank and Gaza","PSE","Government expenditure per student, secondary (% of GDP per capita)","SE.XPD.SECO.PC.ZS","","","","","","","","","","","","","","","","","","","","","","","","","","","","","","","","","","","","","","","","","","","","","","","","","","","","","","","","","",
"Pacific island small states","PSS","Government expenditure per student, secondary (% of GDP per capita)","SE.XPD.SECO.PC.ZS","","","","","","","","","","","","","","","","","","","","","","","","","","","","","","","","","","","","","","","","","","","","","","","","","","","","","","","","","",
"Post-demographic dividend","PST","Government expenditure per student, secondary (% of GDP per capita)","SE.XPD.SECO.PC.ZS","","","","","","","","","","","","","","","","","","","","","","","","","","","","","","","","","","","","","","","21.5342407226563","23.7831497192383","22.6615390777588","23.0712547302247","23.7975997924805","24.371789932251","23.6824750900268","23.5237808227539","23.4674797058105","23.2816905975342","24.2937002182007","25.675630569458","25.628005027771","25.137825012207","23.9373607635498","23.5477199554443","","","",
"French Polynesia","PYF","Government expenditure per student, secondary (% of GDP per capita)","SE.XPD.SECO.PC.ZS","","","","","","","","","","","","","","","","","","","","","","","","","","","","","","","","","","","","","","","","","","","","","","","","","","","","","","","","","",
"Qatar","QAT","Government expenditure per student, secondary (% of GDP per capita)","SE.XPD.SECO.PC.ZS","","","","","","","","","","","","","","","","","","","","","","","","","","","","","","","","","","","","","","","","","","","","","","","","","","10.4952001571655","","","","","","","",
"Romania","ROU","Government expenditure per student, secondary (% of GDP per capita)","SE.XPD.SECO.PC.ZS","","","","","","","","","","","","","","","","","","","","","","","","","","","","","","","","","","","","","","","","","","","","13.3558502197266","14.4484395980835","15.6130695343018","","15.9239501953125","","16.2627906799316","13.7418098449707","11.721549987793","12.397120475769","13.4281301498413","15.8140802383423","","",
"Russian Federation","RUS","Government expenditure per student, secondary (% of GDP per capita)","SE.XPD.SECO.PC.ZS","","","","","","","","","","","","","","","","","","","","","","","","","","","","","","","","","","","","","","","","","","","","","","","","","","","","","","","","","",
"Rwanda","RWA","Government expenditure per student, secondary (% of GDP per capita)","SE.XPD.SECO.PC.ZS","","","","","","","","","","","","","","","","","","","","","","","","","","","","","","","","","","","","","","","","","42.2806510925293","","","","","","","30.2007694244385","31.9898700714111","","35.7737808227539","37.5353088378906","34.2217788696289","38.9848289489746","","32.3597412109375","",
"South Asia","SAS","Government expenditure per student, secondary (% of GDP per capita)","SE.XPD.SECO.PC.ZS","","","","","","","","","","","","","","","","","","","","","","","","","","","","","","","","","","","","","","","","12.882960319519","11.2972202301025","","","11.5970401763916","","","","","","12.1212301254272","10.9342603683472","11.5243902206421","10.7069396972656","9.86623954772949","11.6111402511597","10.945779800415","",
"Saudi Arabia","SAU","Government expenditure per student, secondary (% of GDP per capita)","SE.XPD.SECO.PC.ZS","","","","","","","","","","","","","","","","","","","","","","","","","","","","","","","","","","","","","","","","","","","","","","","","18.230489730835","","","","","","","","","",
"Sudan","SDN","Government expenditure per student, secondary (% of GDP per capita)","SE.XPD.SECO.PC.ZS","","","","","","","","","","","","","","","","","","","","","","","","","","","","","","","","","","","","","","","","","","","","","","","","","","","","","","","","","",
"Senegal","SEN","Government expenditure per student, secondary (% of GDP per capita)","SE.XPD.SECO.PC.ZS","","","","","","","","","","","","","","","","","","","","","","","","","","","","","","","","","","","","","","","35.1974487304688","","","","","","","31.9699802398682","31.2444496154785","","25.5423698425293","","32.4256706237793","27.7313709259033","","","","","",
"Singapore","SGP","Government expenditure per student, secondary (% of GDP per capita)","SE.XPD.SECO.PC.ZS","","","","","","","","","","","","","","","","","","","","","","","","","","","","","","","","","","","","","","","","","","","","","","","","","14.0667200088501","15.7498502731323","16.6846809387207","","","","","","",
"Solomon Islands","SLB","Government expenditure per student, secondary (% of GDP per capita)","SE.XPD.SECO.PC.ZS","","","","","","","","","","","","","","","","","","","","","","","","","","","","","","","","","","","","","","","","","","","","","","","","","","","","","","","","","",
"Sierra Leone","SLE","Government expenditure per student, secondary (% of GDP per capita)","SE.XPD.SECO.PC.ZS","","","","","","","","","","","","","","","","","","","","","","","","","","","","","","","","","","","","","","","","","","","","","","","","","","","","11.755820274353","10.4241695404053","7.80699014663696","","","",
"El Salvador","SLV","Government expenditure per student, secondary (% of GDP per capita)","SE.XPD.SECO.PC.ZS","","","","","","","","","","","","","","","","","","","","","","","","","","","","","","","","","","","","","","","7.78561019897461","","7.30173015594482","","9.43064022064209","8.75817012786865","","9.0174503326416","7.54470014572144","9.20011043548584","9.1842098236084","12.366250038147","10.9788503646851","","9.77258014678955","9.91329002380371","10.3168697357178","11.3673896789551","",
"San Marino","SMR","Government expenditure per student, secondary (% of GDP per capita)","SE.XPD.SECO.PC.ZS","","","","","","","","","","","","","","","","","","","","","","","","","","","","","","","","","","","","","","","","","","","","","","","","","","","12.9664001464844","12.0149803161621","","","","","",
"Somalia","SOM","Government expenditure per student, secondary (% of GDP per capita)","SE.XPD.SECO.PC.ZS","","","","","","","","","","","","","","","","","","","","","","","","","","","","","","","","","","","","","","","","","","","","","","","","","","","","","","","","","",
"Serbia","SRB","Government expenditure per student, secondary (% of GDP per capita)","SE.XPD.SECO.PC.ZS","","","","","","","","","","","","","","","","","","","","","","","","","","","","","","","","","","","","","","","","","","","","","","","","13.1256799697876","13.493200302124","13.589409828186","13.1649799346924","13.0573396682739","","","","","",
"Sub-Saharan Africa (excluding high income)","SSA","Government expenditure per student, secondary (% of GDP per capita)","SE.XPD.SECO.PC.ZS","","","","","","","","","","","","","","","","","","","","","","","","","","","","","","","","","","","","","","","","","","","","","","","","","","","","","","","","","",
"South Sudan","SSD","Government expenditure per student, secondary (% of GDP per capita)","SE.XPD.SECO.PC.ZS","","","","","","","","","","","","","","","","","","","","","","","","","","","","","","","","","","","","","","","","","","","","","","","","","","","","7.45809984207153","","","","","16.6453399658203",
"Sub-Saharan Africa","SSF","Government expenditure per student, secondary (% of GDP per capita)","SE.XPD.SECO.PC.ZS","","","","","","","","","","","","","","","","","","","","","","","","","","","","","","","","","","","","","","","","","","","","","","","","","","","","","","","","","",
"Small states","SST","Government expenditure per student, secondary (% of GDP per capita)","SE.XPD.SECO.PC.ZS","","","","","","","","","","","","","","","","","","","","","","","","","","","","","","","","","","","","","","","","","","","","","","31.9466304779053","","","27.3446102142334","","","","","","","","",
"Sao Tome and Principe","STP","Government expenditure per student, secondary (% of GDP per capita)","SE.XPD.SECO.PC.ZS","","","","","","","","","","","","","","","","","","","","","","","","","","","","","","","","","","","","","","","","","","","","","","","","","","","","","17.1040706634521","18.1248207092285","8.15793037414551","","",
"Suriname","SUR","Government expenditure per student, secondary (% of GDP per capita)","SE.XPD.SECO.PC.ZS","","","","","","","","","","","","","","","","","","","","","","","","","","","","","","","","","","","","","","","","","","","","","","","","","","","","","","","","","",
"Slovak Republic","SVK","Government expenditure per student, secondary (% of GDP per capita)","SE.XPD.SECO.PC.ZS","","","","","","","","","","","","","","","","","","","","","","","","","","","","","","","","","","","","","","7.9363899230957","","18.1405200958252","15.8510103225708","16.3785991668701","18.2646598815918","17.108190536499","16.5056800842285","14.9281396865845","14.4680795669556","14.3346996307373","14.6579904556274","17.889799118042","17.7992191314697","17.2691497802734","17.8594493865967","18.4803600311279","19.0958404541016","","",
"Slovenia","SVN","Government expenditure per student, secondary (% of GDP per capita)","SE.XPD.SECO.PC.ZS","","","","","","","","","","","","","","","","","","","","","","","","","","","","","","","","","","","","","","","","","","25.1070995330811","24.0520496368408","","","","","","","","30.1681709289551","30.4963893890381","","25.5421390533447","","","",
"Sweden","SWE","Government expenditure per student, secondary (% of GDP per capita)","SE.XPD.SECO.PC.ZS","","","","","","","","","","","","","","","","","","","","","","","","","","","","","","","","","","","","","","","27.0463104248047","24.9077301025391","24.4558506011963","24.1735992431641","24.3689002990723","24.371789932251","31.6455307006836","30.7746295928955","29.9390296936035","29.0454502105713","29.1959991455078","31.1989402770996","30.2218399047852","31.0836906433105","31.0858001708984","24.6425495147705","24.7570400238037","","",
"Swaziland","SWZ","Government expenditure per student, secondary (% of GDP per capita)","SE.XPD.SECO.PC.ZS","","","","","","","","","","","","","","","","","","","","","","","","","","","","","","","","","","","","","","","","23.1627807617188","26.1159992218018","29.0354595184326","24.4815292358398","42.0346984863281","26.793119430542","36.7272987365723","32.897289276123","","31.3589096069336","","30.7209892272949","33.2674217224121","","","32.1261291503906","","",
"Sint Maarten (Dutch part)","SXM","Government expenditure per student, secondary (% of GDP per capita)","SE.XPD.SECO.PC.ZS","","","","","","","","","","","","","","","","","","","","","","","","","","","","","","","","","","","","","","","","","","","","","","","","","","","","","","","","","",
"Seychelles","SYC","Government expenditure per student, secondary (% of GDP per capita)","SE.XPD.SECO.PC.ZS","","","","","","","","","","","","","","","","","","","","","","","","","","","","","","","","","","","","","","","24.0264492034912","","","","14.5034704208374","15.8097896575928","","","","","","","","7.16710996627808","","","","","",
"Syrian Arab Republic","SYR","Government expenditure per student, secondary (% of GDP per capita)","SE.XPD.SECO.PC.ZS","","","","","","","","","","","","","","","","","","","","","","","","","","","","","","","","","","","","","","18.3759498596191","18.4764099121094","21.5112800598145","23.2875099182129","","24.2425994873047","","","","","13.3098096847534","","14.6146202087402","","","15.4088201522827","","","","",
"Turks and Caicos Islands","TCA","Government expenditure per student, secondary (% of GDP per capita)","SE.XPD.SECO.PC.ZS","","","","","","","","","","","","","","","","","","","","","","","","","","","","","","","","","","","","","","","","","","","","","","","","","","","","","","","","","",
"Chad","TCD","Government expenditure per student, secondary (% of GDP per capita)","SE.XPD.SECO.PC.ZS","","","","","","","","","","","","","","","","","","","","","","","","","","","","","","","","","","","","","","26.7144298553467","29.3604793548584","","","","","","25.0200290679932","24.684289932251","","","","17.8794708251953","15.0138702392578","21.2570991516113","12.6946201324463","","","","",
"East Asia & Pacific (IDA & IBRD countries)","TEA","Government expenditure per student, secondary (% of GDP per capita)","SE.XPD.SECO.PC.ZS","","","","","","","","","","","","","","","","","","","","","","","","","","","","","","","","","","","","","","","","","","","","","","","","","","","","","","","","","",
"Europe & Central Asia (IDA & IBRD countries)","TEC","Government expenditure per student, secondary (% of GDP per capita)","SE.XPD.SECO.PC.ZS","","","","","","","","","","","","","","","","","","","","","","","","","","","","","","","","","","","","","","","","","","","","","","","","","","","","","","","","","",
"Togo","TGO","Government expenditure per student, secondary (% of GDP per capita)","SE.XPD.SECO.PC.ZS","","","","","","","","","","","","","","","","","","","","","","","","","","","","","","","","","","","","","","","","28.2892398834229","24.9049301147461","","","","","","","17.7210502624512","","","","15.6442403793335","","","","","",
"Thailand","THA","Government expenditure per student, secondary (% of GDP per capita)","SE.XPD.SECO.PC.ZS","","","","","","","","","","","","","","","","","","","","","","","","","","","","","","","","","","","","","","15.5752000808716","18.7194404602051","","","15.3416299819946","","","14.8685703277588","","","","7.03113985061646","8.40933990478516","13.9341697692871","14.1054801940918","18.2392902374268","17.8342208862305","","","",
"Tajikistan","TJK","Government expenditure per student, secondary (% of GDP per capita)","SE.XPD.SECO.PC.ZS","","","","","","","","","","","","","","","","","","","","","","","","","","","","","","","","","","","","","","","","","","","","","","","","","","","","","","","","","",
"Turkmenistan","TKM","Government expenditure per student, secondary (% of GDP per capita)","SE.XPD.SECO.PC.ZS","","","","","","","","","","","","","","","","","","","","","","","","","","","","","","","","","","","","","","","","","","","","","","","","","","","","","","","","","",
"Latin America & the Caribbean (IDA & IBRD countries)","TLA","Government expenditure per student, secondary (% of GDP per capita)","SE.XPD.SECO.PC.ZS","","","","","","","","","","","","","","","","","","","","","","","","","","","","","","","","","","","","","","","","","11.8408951759339","","12.6377248764038","","11.9253396987915","11.1904797554016","10.3644304275513","12.9839301109314","14.9226250648499","16.4567108154297","15.1906299591064","15.5967502593994","14.9689502716064","16.5058841705322","15.8108696937561","","",
"Timor-Leste","TLS","Government expenditure per student, secondary (% of GDP per capita)","SE.XPD.SECO.PC.ZS","","","","","","","","","","","","","","","","","","","","","","","","","","","","","","","","","","","","","","","","","","","","","","","","","","","","7.16451978683472","13.2714395523071","19.161340713501","23.6278400421143","","",
"Middle East & North Africa (IDA & IBRD countries)","TMN","Government expenditure per student, secondary (% of GDP per capita)","SE.XPD.SECO.PC.ZS","","","","","","","","","","","","","","","","","","","","","","","","","","","","","","","","","","","","","","","","","","","19.6567401885987","","","","","","","","","","","","","","",
"Tonga","TON","Government expenditure per student, secondary (% of GDP per capita)","SE.XPD.SECO.PC.ZS","","","","","","","","","","","","","","","","","","","","","","","","","","","","","","","","","","","","","","","","","","","7.62802982330322","8.78845977783203","7.45207977294922","","","","","","","","","","","","",
"South Asia (IDA & IBRD)","TSA","Government expenditure per student, secondary (% of GDP per capita)","SE.XPD.SECO.PC.ZS","","","","","","","","","","","","","","","","","","","","","","","","","","","","","","","","","","","","","","","","12.882960319519","11.2972202301025","","","11.5970401763916","","","","","","12.1212301254272","10.9342603683472","11.5243902206421","10.7069396972656","9.86623954772949","11.6111402511597","10.945779800415","",
"Sub-Saharan Africa (IDA & IBRD countries)","TSS","Government expenditure per student, secondary (% of GDP per capita)","SE.XPD.SECO.PC.ZS","","","","","","","","","","","","","","","","","","","","","","","","","","","","","","","","","","","","","","","","","","","","","","","","","","","","","","","","","",
"Trinidad and Tobago","TTO","Government expenditure per student, secondary (% of GDP per capita)","SE.XPD.SECO.PC.ZS","","","","","","","","","","","","","","","","","","","","","","","","","","","","","","","","","","","","","","","","","","","","","","","","","","","","","","","","","",
"Tunisia","TUN","Government expenditure per student, secondary (% of GDP per capita)","SE.XPD.SECO.PC.ZS","","","","","","","","","","","","","","","","","","","","","","","","","","","","","","","","","","","","","","30.1648197174072","","24.5927906036377","24.1629104614258","23.4584293365479","21.4114799499512","23.5006999969482","21.0304508209229","21.7074394226074","","","24.355770111084","","","","","","","","",
"Turkey","TUR","Government expenditure per student, secondary (% of GDP per capita)","SE.XPD.SECO.PC.ZS","","","","","","","","","","","","","","","","","","","","","","","","","","","","","","","","","","","","","","","","","","","","","","","","","","","","","16.234619140625","14.7689304351807","","","",
"Tuvalu","TUV","Government expenditure per student, secondary (% of GDP per capita)","SE.XPD.SECO.PC.ZS","","","","","","","","","","","","","","","","","","","","","","","","","","","","","","","","","","","","","","","","","","","","","","","","","","","","","","","","","",
"Tanzania","TZA","Government expenditure per student, secondary (% of GDP per capita)","SE.XPD.SECO.PC.ZS","","","","","","","","","","","","","","","","","","","","","","","","","","","","","","","","","","","","","","","","","","","","","","","","","","","12.3114900588989","","","","","","",
"Uganda","UGA","Government expenditure per student, secondary (% of GDP per capita)","SE.XPD.SECO.PC.ZS","","","","","","","","","","","","","","","","","","","","","","","","","","","","","","","","","","","","","","","","","","","","","","","","","","","","","","","","","",
"Ukraine","UKR","Government expenditure per student, secondary (% of GDP per capita)","SE.XPD.SECO.PC.ZS","","","","","","","","","","","","","","","","","","","","","","","","","","","","","","","","","","","","","","","","","","","","","","","","","","","","27.5063800811768","30.2849998474121","30.4489307403564","25.9133205413818","","",
"Upper middle income","UMC","Government expenditure per student, secondary (% of GDP per capita)","SE.XPD.SECO.PC.ZS","","","","","","","","","","","","","","","","","","","","","","","","","","","","","","","","","","","","","","","","","","","","","","","","","","16.8480596542359","","","","","","","",
"Uruguay","URY","Government expenditure per student, secondary (% of GDP per capita)","SE.XPD.SECO.PC.ZS","","","","","","","","","","","","","","","","","","","","","","","","","","","","","","","","","","","","","","","","10.4582796096802","10.0047197341919","9.58489990234375","8.00957012176514","6.49912977218628","8.4563102722168","9.91909980773926","10.1742696762085","","","","","","","","","","",
"United States","USA","Government expenditure per student, secondary (% of GDP per capita)","SE.XPD.SECO.PC.ZS","","","","","","","","","","","","","","","","","","","","","","","","","","","","","","","","","","","","","","","21.5342407226563","21.4486808776855","21.8568000793457","22.9887790679932","23.4285106658936","24.5067806243896","23.3480396270752","21.9128494262695","23.2238292694092","23.2816905975342","23.9414806365967","24.4705390930176","24.3405609130859","23.9397602081299","22.8141593933105","22.664249420166","22.5159091949463","","",
"Uzbekistan","UZB","Government expenditure per student, secondary (% of GDP per capita)","SE.XPD.SECO.PC.ZS","","","","","","","","","","","","","","","","","","","","","","","","","","","","","","","","","","","","","","","","","","","","","","","","","","","","","","","","","",
"St. Vincent and the Grenadines","VCT","Government expenditure per student, secondary (% of GDP per capita)","SE.XPD.SECO.PC.ZS","","","","","","","","","","","","","","","","","","","","","","","","","","","","","","","","","","","","","","","","","22.4736194610596","","","","","22.4047508239746","","17.6476097106934","","21.8212394714355","17.6452007293701","18.8371391296387","","21.7347393035889","22.0141506195068","21.6709308624268","",
"Venezuela, RB","VEN","Government expenditure per student, secondary (% of GDP per capita)","SE.XPD.SECO.PC.ZS","","","","","","","","","","","","","","","","","","","","","","","","","","","","","","","","","","","","","","","","","","","","","","","8.3624095916748","8.08430957794189","","16.5919990539551","","","","","","0.0153000000864267","",
"British Virgin Islands","VGB","Government expenditure per student, secondary (% of GDP per capita)","SE.XPD.SECO.PC.ZS","","","","","","","","","","","","","","","","","","","","","","","","","","","","","","","","","","","","","","","","","","","","","","","","19.0991096496582","","21.2655792236328","20.4714603424072","","","","","18.1879901885986","",
"Virgin Islands (U.S.)","VIR","Government expenditure per student, secondary (% of GDP per capita)","SE.XPD.SECO.PC.ZS","","","","","","","","","","","","","","","","","","","","","","","","","","","","","","","","","","","","","","","","","","","","","","","","","","","","","","","","","",
"Vietnam","VNM","Government expenditure per student, secondary (% of GDP per capita)","SE.XPD.SECO.PC.ZS","","","","","","","","","","","","","","","","","","","","","","","","","","","","","","","","","","","","","","","","","","","","","","","","","","","","","","","","","",
"Vanuatu","VUT","Government expenditure per student, secondary (% of GDP per capita)","SE.XPD.SECO.PC.ZS","","","","","","","","","","","","","","","","","","","","","","","","","","","","","","","","","","","","","","","","71.0023727416992","61.3495407104492","88.9404830932617","","","","","","","","","","","","","","20.5186901092529","",
"World","WLD","Government expenditure per student, secondary (% of GDP per capita)","SE.XPD.SECO.PC.ZS","","","","","","","","","","","","","","","","","","","","","","","","","","","","","","","","","","","","","","","","","","","","","","","","","","","","20.5627403259277","","","","","",
"Samoa","WSM","Government expenditure per student, secondary (% of GDP per capita)","SE.XPD.SECO.PC.ZS","","","","","","","","","","","","","","","","","","","","","","","","","","","","","","","","","","","","","","","","8.91296005249023","8.45427989959717","9.19075012207031","","","","","","","","","","","","","","","",
"Kosovo","XKX","Government expenditure per student, secondary (% of GDP per capita)","SE.XPD.SECO.PC.ZS","","","","","","","","","","","","","","","","","","","","","","","","","","","","","","","","","","","","","","","","","","","","","","","","","","","","","","","","","",
"Yemen, Rep.","YEM","Government expenditure per student, secondary (% of GDP per capita)","SE.XPD.SECO.PC.ZS","","","","","","","","","","","","","","","","","","","","","","","","","","","","","","","","","","","","","","","","","","","","","","","","","","","","11.9775695800781","","","","","",
"South Africa","ZAF","Government expenditure per student, secondary (% of GDP per capita)","SE.XPD.SECO.PC.ZS","","","","","","","","","","","","","","","","","","","","","","","","","","","","","","","","","","","","","","","","19.5368309020996","17.2669296264648","17.0553092956543","16.735050201416","17.9154396057129","18.6966209411621","16.7478199005127","16.0078296661377","16.7611503601074","15.2784996032715","17.1041202545166","19.2003192901611","21.2495193481445","20.894889831543","","","","",
"Zambia","ZMB","Government expenditure per student, secondary (% of GDP per capita)","SE.XPD.SECO.PC.ZS","","","","","","","","","","","","","","","","","","","","","","","","","","","","","","","","","","","","","","","","","","","","","","","","","","","","","","","","","",
"Zimbabwe","ZWE","Government expenditure per student, secondary (% of GDP per capita)","SE.XPD.SECO.PC.ZS","","","","","","","","","","","","","","","","","","","","","","","","","","","","","","","","","","","","","","","","","","","","","","","","","","","","","33.9955215454102","35.129020690918","","","",
